INSERT INTO app_users
(account_status, created_at, dob, email, email_verification_status, "name", "password", phone, phone_verification_status)
VALUES
('ENABLED', '2024-09-05 10:05:00.001', NULL, 'lokesh@gmail.com', 'VERIFIED', 'Lokesh Kumar', '$2a$10$iTkGZCfJ8dyOqKlEzx1sTeiIEWxPcDWmVzEURzhtxrXwowwrYJmUu', '9876543210', 'VERIFIED'),
('ENABLED', '2024-09-05 10:06:00.002', NULL, 'priya.sharma@gmail.com', 'VERIFIED', 'Priya Sharma', '$2a$10$iTkGZCfJ8dyOqKlEzx1sTeiIEWxPcDWmVzEURzhtxrXwowwrYJmUu', '9123456789', 'VERIFIED'),
('ENABLED', '2024-09-05 10:07:00.003', NULL, 'rahul.verma@gmail.com', 'VERIFIED', 'Rahul Verma', '$2a$10$iTkGZCfJ8dyOqKlEzx1sTeiIEWxPcDWmVzEURzhtxrXwowwrYJmUu', '9988776655', 'VERIFIED'),
('ENABLED', '2024-09-05 10:08:00.004', NULL, 'sneha.kapoor@gmail.com', 'VERIFIED', 'Sneha Kapoor', '$2a$10$iTkGZCfJ8dyOqKlEzx1sTeiIEWxPcDWmVzEURzhtxrXwowwrYJmUu', '9112233445', 'VERIFIED'),
('ENABLED', '2024-09-05 10:09:00.005', NULL, 'vijay.patel@gmail.com', 'VERIFIED', 'Vijay Patel', '$2a$10$iTkGZCfJ8dyOqKlEzx1sTeiIEWxPcDWmVzEURzhtxrXwowwrYJmUu', '9001122334', 'VERIFIED'),
('ENABLED', '2024-09-05 10:10:00.006', NULL, 'meera.jain@gmail.com', 'VERIFIED', 'Meera Jain', '$2a$10$iTkGZCfJ8dyOqKlEzx1sTeiIEWxPcDWmVzEURzhtxrXwowwrYJmUu', '9011223344', 'VERIFIED'),
('ENABLED', '2024-09-05 10:11:00.007', NULL, 'anil.kumar@gmail.com', 'VERIFIED', 'Anil Kumar', '$2a$10$iTkGZCfJ8dyOqKlEzx1sTeiIEWxPcDWmVzEURzhtxrXwowwrYJmUu', '9234567890', 'VERIFIED'),
('ENABLED', '2024-09-05 10:12:00.008', NULL, 'geeta.rao@gmail.com', 'VERIFIED', 'Geeta Rao', '$2a$10$iTkGZCfJ8dyOqKlEzx1sTeiIEWxPcDWmVzEURzhtxrXwowwrYJmUu', '9321456789', 'VERIFIED'),
('ENABLED', '2024-09-05 10:13:00.009', NULL, 'manish.mehra@gmail.com', 'VERIFIED', 'Manish Mehra', '$2a$10$iTkGZCfJ8dyOqKlEzx1sTeiIEWxPcDWmVzEURzhtxrXwowwrYJmUu', '9245678901', 'VERIFIED'),
('ENABLED', '2024-09-05 10:14:00.010', NULL, 'karishma.shah@gmail.com', 'VERIFIED', 'Karishma Shah', '$2a$10$iTkGZCfJ8dyOqKlEzx1sTeiIEWxPcDWmVzEURzhtxrXwowwrYJmUu', '9876543211', 'VERIFIED'),
('ENABLED', '2024-09-05 10:15:00.011', NULL, 'abhishek.singh@gmail.com', 'VERIFIED', 'Abhishek Singh', '$2a$10$iTkGZCfJ8dyOqKlEzx1sTeiIEWxPcDWmVzEURzhtxrXwowwrYJmUu', '9988776656', 'VERIFIED'),
('ENABLED', '2024-09-05 10:16:00.012', NULL, 'alka.mishra@gmail.com', 'VERIFIED', 'Alka Mishra', '$2a$10$iTkGZCfJ8dyOqKlEzx1sTeiIEWxPcDWmVzEURzhtxrXwowwrYJmUu', '9112233446', 'VERIFIED'),
('ENABLED', '2024-09-05 10:17:00.013', NULL, 'vishal.kumar@gmail.com', 'VERIFIED', 'Vishal Kumar', '$2a$10$iTkGZCfJ8dyOqKlEzx1sTeiIEWxPcDWmVzEURzhtxrXwowwrYJmUu', '9001122335', 'VERIFIED'),
('ENABLED', '2024-09-05 10:18:00.014', NULL, 'shilpa.jain@gmail.com', 'VERIFIED', 'Shilpa Jain', '$2a$10$iTkGZCfJ8dyOqKlEzx1sTeiIEWxPcDWmVzEURzhtxrXwowwrYJmUu', '9011223345', 'VERIFIED'),
('ENABLED', '2024-09-05 10:19:00.015', NULL, 'nikhil.verma@gmail.com', 'VERIFIED', 'Nikhil Verma', '$2a$10$iTkGZCfJ8dyOqKlEzx1sTeiIEWxPcDWmVzEURzhtxrXwowwrYJmUu', '9234567891', 'VERIFIED'),
('ENABLED', '2024-09-05 10:20:00.016', NULL, 'jyoti.malhotra@gmail.com', 'VERIFIED', 'Jyoti Malhotra', '$2a$10$iTkGZCfJ8dyOqKlEzx1sTeiIEWxPcDWmVzEURzhtxrXwowwrYJmUu', '9321456790', 'VERIFIED'),
('ENABLED', '2024-09-05 10:21:00.017', NULL, 'shubham.sharma@gmail.com', 'VERIFIED', 'Shubham Sharma', '$2a$10$iTkGZCfJ8dyOqKlEzx1sTeiIEWxPcDWmVzEURzhtxrXwowwrYJmUu', '9245678902', 'VERIFIED'),
('ENABLED', '2024-09-05 10:22:00.018', NULL, 'tanvi.sen@gmail.com', 'VERIFIED', 'Tanvi Sen', '$2a$10$iTkGZCfJ8dyOqKlEzx1sTeiIEWxPcDWmVzEURzhtxrXwowwrYJmUu', '9876543212', 'VERIFIED'),
('ENABLED', '2024-09-05 10:23:00.019', NULL, 'rohit.chopra@gmail.com', 'VERIFIED', 'Rohit Chopra', '$2a$10$iTkGZCfJ8dyOqKlEzx1sTeiIEWxPcDWmVzEURzhtxrXwowwrYJmUu', '9988776657', 'VERIFIED'),
('ENABLED', '2024-09-05 10:24:00.020', NULL, 'neha.doshi@gmail.com', 'VERIFIED', 'Neha Doshi', '$2a$10$iTkGZCfJ8dyOqKlEzx1sTeiIEWxPcDWmVzEURzhtxrXwowwrYJmUu', '9112233447', 'VERIFIED'),
('ENABLED', '2024-09-05 10:25:00.021', NULL, 'aditya.singh@gmail.com', 'VERIFIED', 'Aditya Singh', '$2a$10$iTkGZCfJ8dyOqKlEzx1sTeiIEWxPcDWmVzEURzhtxrXwowwrYJmUu', '9001122336', 'VERIFIED'),
('ENABLED', '2024-09-05 10:26:00.022', NULL, 'tina.banerjee@gmail.com', 'VERIFIED', 'Tina Banerjee', '$2a$10$iTkGZCfJ8dyOqKlEzx1sTeiIEWxPcDWmVzEURzhtxrXwowwrYJmUu', '9011223346', 'VERIFIED'),
('ENABLED', '2024-09-05 10:27:00.023', NULL, 'pradeep.yadav@gmail.com', 'VERIFIED', 'Pradeep Yadav', '$2a$10$iTkGZCfJ8dyOqKlEzx1sTeiIEWxPcDWmVzEURzhtxrXwowwrYJmUu', '9234567892', 'VERIFIED'),
('ENABLED', '2024-09-05 10:28:00.024', NULL, 'komal.singh@gmail.com', 'VERIFIED', 'Komal Singh', '$2a$10$iTkGZCfJ8dyOqKlEzx1sTeiIEWxPcDWmVzEURzhtxrXwowwrYJmUu', '9321456791', 'VERIFIED'),
('ENABLED', '2024-09-05 10:29:00.025', NULL, 'harsh.mehra@gmail.com', 'VERIFIED', 'Harsh Mehra', '$2a$10$iTkGZCfJ8dyOqKlEzx1sTeiIEWxPcDWmVzEURzhtxrXwowwrYJmUu', '9245678903', 'VERIFIED'),
('ENABLED', '2024-09-05 10:30:00.026', NULL, 'deepa.sharma@gmail.com', 'VERIFIED', 'Deepa Sharma', '$2a$10$iTkGZCfJ8dyOqKlEzx1sTeiIEWxPcDWmVzEURzhtxrXwowwrYJmUu', '9876543213', 'VERIFIED'),
('ENABLED', '2024-09-05 10:31:00.027', NULL, 'kunal.sen@gmail.com', 'VERIFIED', 'Kunal Sen', '$2a$10$iTkGZCfJ8dyOqKlEzx1sTeiIEWxPcDWmVzEURzhtxrXwowwrYJmUu', '9988776658', 'VERIFIED'),
('ENABLED', '2024-09-05 10:32:00.028', NULL, 'nidhi.doshi@gmail.com', 'VERIFIED', 'Nidhi Doshi', '$2a$10$iTkGZCfJ8dyOqKlEzx1sTeiIEWxPcDWmVzEURzhtxrXwowwrYJmUu', '9112233448', 'VERIFIED'),
('ENABLED', '2024-09-05 10:33:00.029', NULL, 'sameer.kumar@gmail.com', 'VERIFIED', 'Sameer Kumar', '$2a$10$iTkGZCfJ8dyOqKlEzx1sTeiIEWxPcDWmVzEURzhtxrXwowwrYJmUu', '9001122337', 'VERIFIED');

INSERT INTO app_users
(account_status, created_at, dob, email, email_verification_status, "name", "password", phone, phone_verification_status)
VALUES
('ENABLED', '2024-09-05 10:05:00.001', NULL, 'yellow.chillies.ggn@gmail.com', 'VERIFIED', 'The Yellow Chillies', '$2a$10$iTkGZCfJ8dyOqKlEzx1sTeiIEWxPcDWmVzEURzhtxrXwowwrYJmUu', '9876543211', 'VERIFIED'),
('ENABLED', '2024-09-05 10:06:00.002', NULL, 'dana-choga@gmail.com', 'VERIFIED', 'Dana Choga', '$2a$10$iTkGZCfJ8dyOqKlEzx1sTeiIEWxPcDWmVzEURzhtxrXwowwrYJmUu', '9123456789', 'VERIFIED'),
('ENABLED', '2024-09-05 10:07:00.003', NULL, 'paradise.biryani.ggn@gmail.com', 'VERIFIED', 'Paradise Biryani', '$2a$10$iTkGZCfJ8dyOqKlEzx1sTeiIEWxPcDWmVzEURzhtxrXwowwrYJmUu', '9988776655', 'VERIFIED'),
('ENABLED', '2024-09-05 10:08:00.004', NULL, 'pind.balluchi@gmail.com', 'VERIFIED', 'Pind Balluchi', '$2a$10$iTkGZCfJ8dyOqKlEzx1sTeiIEWxPcDWmVzEURzhtxrXwowwrYJmUu', '9112233445', 'VERIFIED'),
('ENABLED', '2024-09-05 10:09:00.005', NULL, 'bikanerwala.ggn@gmail.com', 'VERIFIED', 'Bikanerwala', '$2a$10$iTkGZCfJ8dyOqKlEzx1sTeiIEWxPcDWmVzEURzhtxrXwowwrYJmUu', '9001122334', 'VERIFIED'),
('ENABLED', '2024-09-05 10:10:00.006', NULL, 'punjabi.by.nature@gmail.com', 'VERIFIED', 'Punjabi By Nature', '$2a$10$iTkGZCfJ8dyOqKlEzx1sTeiIEWxPcDWmVzEURzhtxrXwowwrYJmUu', '9011223344', 'VERIFIED'),
('ENABLED', '2024-09-05 10:11:00.007', NULL, 'karims.ggn@gmail.com', 'VERIFIED', 'Karim s', '$2a$10$iTkGZCfJ8dyOqKlEzx1sTeiIEWxPcDWmVzEURzhtxrXwowwrYJmUu', '9234567890', 'VERIFIED'),
('ENABLED', '2024-09-05 10:12:00.008', NULL, 'carnatic.cafe.ggn@gmail.com', 'VERIFIED', 'Carnatic Cafe', '$2a$10$iTkGZCfJ8dyOqKlEzx1sTeiIEWxPcDWmVzEURzhtxrXwowwrYJmUu', '9321456789', 'VERIFIED'),
('ENABLED', '2024-09-05 10:13:00.009', NULL, 'bercos.ggn@gmail.com', 'VERIFIED', 'Berco s', '$2a$10$iTkGZCfJ8dyOqKlEzx1sTeiIEWxPcDWmVzEURzhtxrXwowwrYJmUu', '9245678901', 'VERIFIED'),
('ENABLED', '2024-09-05 10:14:00.010', NULL, 'mamagoto.ggn@gmail.com', 'VERIFIED', 'Mamagoto', '$2a$10$iTkGZCfJ8dyOqKlEzx1sTeiIEWxPcDWmVzEURzhtxrXwowwrYJmUu', '9876543211', 'VERIFIED'),
('ENABLED', '2024-09-05 10:15:00.011', NULL, 'nandoos.ggn@gmail.com', 'VERIFIED', 'Nandoos', '$2a$10$iTkGZCfJ8dyOqKlEzx1sTeiIEWxPcDWmVzEURzhtxrXwowwrYJmUu', '9988776656', 'VERIFIED'),
('ENABLED', '2024-09-05 10:16:00.012', NULL, 'sagar.ratna.ggn@gmail.com', 'VERIFIED', 'Sagar Ratna', '$2a$10$iTkGZCfJ8dyOqKlEzx1sTeiIEWxPcDWmVzEURzhtxrXwowwrYJmUu', '9112233446', 'VERIFIED'),
('ENABLED', '2024-09-05 10:17:00.013', NULL, 'olive.bar.ggn@gmail.com', 'VERIFIED', 'Olive Bar', '$2a$10$iTkGZCfJ8dyOqKlEzx1sTeiIEWxPcDWmVzEURzhtxrXwowwrYJmUu', '9001122335', 'VERIFIED'),
('ENABLED', '2024-09-05 10:18:00.014', NULL, 'cafe.delhi.heights.ggn@gmail.com', 'VERIFIED', 'Cafe Delhi Heights', '$2a$10$iTkGZCfJ8dyOqKlEzx1sTeiIEWxPcDWmVzEURzhtxrXwowwrYJmUu', '9011223345', 'VERIFIED'),
('ENABLED', '2024-09-05 10:19:00.015', NULL, 'united.coffee.house.ggn@gmail.com', 'VERIFIED', 'United Coffee House', '$2a$10$iTkGZCfJ8dyOqKlEzx1sTeiIEWxPcDWmVzEURzhtxrXwowwrYJmUu', '9234567891', 'VERIFIED'),
('ENABLED', '2024-09-05 10:20:00.016', NULL, 'indigo.deli.ggn@gmail.com', 'VERIFIED', 'Indigo Deli', '$2a$10$iTkGZCfJ8dyOqKlEzx1sTeiIEWxPcDWmVzEURzhtxrXwowwrYJmUu', '9321456790', 'VERIFIED'),
('ENABLED', '2024-09-05 10:21:00.017', NULL, 'farzi.cafe.ggn@gmail.com', 'VERIFIED', 'Farzi Cafe', '$2a$10$iTkGZCfJ8dyOqKlEzx1sTeiIEWxPcDWmVzEURzhtxrXwowwrYJmUu', '9245678902', 'VERIFIED'),
('ENABLED', '2024-09-05 10:22:00.018', NULL, 'daryaganj.ggn@gmail.com', 'VERIFIED', 'Daryaganj', '$2a$10$iTkGZCfJ8dyOqKlEzx1sTeiIEWxPcDWmVzEURzhtxrXwowwrYJmUu', '9876543212', 'VERIFIED'),
('ENABLED', '2024-09-05 10:23:00.019', NULL, 'moti.mahal.ggn@gmail.com', 'VERIFIED', 'Moti Mahal', '$2a$10$iTkGZCfJ8dyOqKlEzx1sTeiIEWxPcDWmVzEURzhtxrXwowwrYJmUu', '9988776657', 'VERIFIED'),
('ENABLED', '2024-09-05 10:24:00.020', NULL, 'pita.pit.ggn@gmail.com', 'VERIFIED', 'Pita Pit', '$2a$10$iTkGZCfJ8dyOqKlEzx1sTeiIEWxPcDWmVzEURzhtxrXwowwrYJmUu', '9112233447', 'VERIFIED'),
('ENABLED', '2024-09-05 10:25:00.021', NULL, 'sweet.truth.ggn@gmail.com', 'VERIFIED', 'Sweet Truth', '$2a$10$iTkGZCfJ8dyOqKlEzx1sTeiIEWxPcDWmVzEURzhtxrXwowwrYJmUu', '9234567892', 'VERIFIED'),
('ENABLED', '2024-09-05 10:26:00.022', NULL, 'khan.sab.ggn@gmail.com', 'VERIFIED', 'Khan Sab', '$2a$10$iTkGZCfJ8dyOqKlEzx1sTeiIEWxPcDWmVzEURzhtxrXwowwrYJmUu', '9123456780', 'VERIFIED'),
('ENABLED', '2024-09-05 10:27:00.023', NULL, 'chacha.biriyani.ggn@gmail.com', 'VERIFIED', 'Chacha Biriyani', '$2a$10$iTkGZCfJ8dyOqKlEzx1sTeiIEWxPcDWmVzEURzhtxrXwowwrYJmUu', '9212345678', 'VERIFIED'),
('ENABLED', '2024-09-05 10:28:00.024', NULL, 'the.burger.joint.ggn@gmail.com', 'VERIFIED', 'The Burger Joint', '$2a$10$iTkGZCfJ8dyOqKlEzx1sTeiIEWxPcDWmVzEURzhtxrXwowwrYJmUu', '9301234567', 'VERIFIED'),
('ENABLED', '2024-09-05 10:29:00.025', NULL, 'sweet.paradise.ggn@gmail.com', 'VERIFIED', 'Sweet Paradise', '$2a$10$iTkGZCfJ8dyOqKlEzx1sTeiIEWxPcDWmVzEURzhtxrXwowwrYJmUu', '9123456781', 'VERIFIED'),
('ENABLED', '2024-09-05 10:30:00.026', NULL, 'biryani.house.ggn@gmail.com', 'VERIFIED', 'Biryani House', '$2a$10$iTkGZCfJ8dyOqKlEzx1sTeiIEWxPcDWmVzEURzhtxrXwowwrYJmUu', '9212345679', 'VERIFIED'),
('ENABLED', '2024-09-05 10:31:00.027', NULL, 'the.pasta.place.ggn@gmail.com', 'VERIFIED', 'The Pasta Place', '$2a$10$iTkGZCfJ8dyOqKlEzx1sTeiIEWxPcDWmVzEURzhtxrXwowwrYJmUu', '9301234568', 'VERIFIED'),
('ENABLED', '2024-09-05 10:32:00.028', NULL, 'tandoori.express.ggn@gmail.com', 'VERIFIED', 'Tandoori Express', '$2a$10$iTkGZCfJ8dyOqKlEzx1sTeiIEWxPcDWmVzEURzhtxrXwowwrYJmUu', '9123456782', 'VERIFIED'),
('ENABLED', '2024-09-05 10:33:00.029', NULL, 'the.samosa.joint.ggn@gmail.com', 'VERIFIED', 'The Samosa Joint', '$2a$10$iTkGZCfJ8dyOqKlEzx1sTeiIEWxPcDWmVzEURzhtxrXwowwrYJmUu', '9212345680', 'VERIFIED'),
('ENABLED', '2024-09-05 10:34:00.030', NULL, 'dosa.corner.ggn@gmail.com', 'VERIFIED', 'Dosa Corner', '$2a$10$iTkGZCfJ8dyOqKlEzx1sTeiIEWxPcDWmVzEURzhtxrXwowwrYJmUu', '9301234569', 'VERIFIED'),
('ENABLED', '2024-09-05 10:35:00.031', NULL, 'nasi.lemak.ggn@gmail.com', 'VERIFIED', 'Nasi Lemak', '$2a$10$iTkGZCfJ8dyOqKlEzx1sTeiIEWxPcDWmVzEURzhtxrXwowwrYJmUu', '9123456783', 'VERIFIED');

INSERT INTO restaurants
(closing_time, opening_time, rating, user_id, category, cuisine, description, open_status, "location")
VALUES
('22:30:00', '12:30:00', 4.8, 31, 'MIXED', 'INDIAN', 'North Indian, Mughlai, Chinese, Seafood, Biryani, Salad, Desserts, Beverages', 'OPEN', 'SRID=4326;POINT (77.0485 28.4501)'::public.geometry),
('23:00:00', '11:00:00', 4.2, 32, 'PURE_VEG', 'ITALIAN', 'Pasta, Pizza, Salad, Desserts', 'CLOSED', 'SRID=4326;POINT (77.0590 28.4599)'::public.geometry),
('21:00:00', '10:00:00', 4.5, 33, 'PURE_NON_VEG', 'AMERICAN', 'Burgers, Fries, Milkshakes', 'OPEN', 'SRID=4326;POINT (77.0695 28.4698)'::public.geometry),
('22:00:00', '11:00:00', 4.7, 34, 'MIXED', 'MEXICAN', 'Tacos, Burritos, Nachos', 'OPEN', 'SRID=4326;POINT (77.0799 28.4797)'::public.geometry),
('23:30:00', '12:00:00', 4.6, 35, 'PURE_VEG', 'CHINESE', 'Noodles, Dumplings, Spring Rolls', 'OPEN', 'SRID=4326;POINT (77.0904 28.4896)'::public.geometry),
('21:30:00', '10:30:00', 4.3, 36, 'PURE_NON_VEG', 'INDIAN', 'Pani Puri, Chaat, Pav Bhaji', 'OPEN', 'SRID=4326;POINT (77.1010 28.4995)'::public.geometry),
('22:15:00', '12:15:00', 4.9, 37, 'MIXED', 'JAPANESE', 'Sushi, Ramen, Tempura', 'OPEN', 'SRID=4326;POINT (77.1115 28.5094)'::public.geometry),
('23:00:00', '11:30:00', 4.4, 38, 'PURE_VEG', 'THAI', 'Pad Thai, Spring Rolls, Curry', 'CLOSED', 'SRID=4326;POINT (77.1220 28.5193)'::public.geometry),
('22:45:00', '12:30:00', 4.8, 39, 'PURE_NON_VEG', 'ITALIAN', 'Pasta, Pizza, Garlic Bread', 'OPEN', 'SRID=4326;POINT (77.1325 28.5292)'::public.geometry),
('22:30:00', '11:00:00', 4.7, 40, 'MIXED', 'INDIAN', 'North Indian, Mughlai, Tandoori', 'OPEN', 'SRID=4326;POINT (77.1430 28.5391)'::public.geometry),
('23:30:00', '11:00:00', 4.6, 41, 'PURE_VEG', 'MEXICAN', 'Quesadillas, Tacos, Burritos', 'CLOSED', 'SRID=4326;POINT (77.1535 28.5490)'::public.geometry),
('22:00:00', '12:00:00', 4.5, 42, 'PURE_NON_VEG', 'CHINESE', 'Fried Rice, Manchurian, Spring Rolls', 'OPEN', 'SRID=4326;POINT (77.1640 28.5589)'::public.geometry),
('23:00:00', '11:00:00', 4.4, 43, 'MIXED', 'AMERICAN', 'Burgers, Hot Dogs, Fries', 'CLOSED', 'SRID=4326;POINT (77.1745 28.5688)'::public.geometry),
('21:30:00', '10:00:00', 4.3, 44, 'PURE_VEG', 'ITALIAN', 'Lasagna, Ravioli, Salad', 'OPEN', 'SRID=4326;POINT (77.1850 28.5787)'::public.geometry),
('22:15:00', '11:00:00', 4.8, 45, 'PURE_NON_VEG', 'INDIAN', 'Kebabs, Rolls, Chaat', 'OPEN', 'SRID=4326;POINT (77.1955 28.5886)'::public.geometry),
('23:30:00', '12:00:00', 4.7, 46, 'MIXED', 'THAI', 'Green Curry, Tom Yum, Satay', 'OPEN', 'SRID=4326;POINT (77.2060 28.5985)'::public.geometry),
('22:00:00', '11:30:00', 4.6, 47, 'PURE_VEG', 'JAPANESE', 'Sushi, Tempura, Miso Soup', 'CLOSED', 'SRID=4326;POINT (77.2165 28.6084)'::public.geometry),
('21:45:00', '10:15:00', 4.5, 48, 'PURE_NON_VEG', 'CHINESE', 'Dim Sum, Fried Rice, Noodles', 'OPEN', 'SRID=4326;POINT (77.2270 28.6183)'::public.geometry),
('22:30:00', '11:00:00', 4.4, 49, 'MIXED', 'MEXICAN', 'Enchiladas, Guacamole, Salsa', 'OPEN', 'SRID=4326;POINT (77.2375 28.6282)'::public.geometry),
('23:00:00', '12:00:00', 4.3, 50, 'PURE_VEG', 'ITALIAN', 'Spaghetti, Carbonara, Tiramisu', 'CLOSED', 'SRID=4326;POINT (77.2480 28.6381)'::public.geometry),
('22:15:00', '11:30:00', 4.7, 51, 'PURE_NON_VEG', 'MEXICAN', 'Burritos, Nachos, Salsa', 'OPEN', 'SRID=4326;POINT (77.2585 28.6480)'::public.geometry),
('23:00:00', '10:00:00', 4.2, 52, 'PURE_VEG', 'JAPANESE', 'Tempura, Sushi, Ramen', 'OPEN', 'SRID=4326;POINT (77.2690 28.6579)'::public.geometry),
('21:30:00', '11:00:00', 4.6, 53, 'MIXED', 'AMERICAN', 'Pizza, Wings, Fries', 'OPEN', 'SRID=4326;POINT (77.2795 28.6678)'::public.geometry),
('22:00:00', '12:00:00', 4.8, 54, 'PURE_NON_VEG', 'CHINESE', 'Dumplings, Wontons, Fried Rice', 'OPEN', 'SRID=4326;POINT (77.2900 28.6777)'::public.geometry);


INSERT INTO user_roles
(user_id, roles)
VALUES
(1, 'CUSTOMER');

INSERT INTO user_roles
(user_id, roles)
VALUES
(2, 'DELIVERY_EXECUTIVE'),
(3, 'DELIVERY_EXECUTIVE'),
(4, 'DELIVERY_EXECUTIVE'),
(5, 'DELIVERY_EXECUTIVE'),
(6, 'DELIVERY_EXECUTIVE'),
(7, 'DELIVERY_EXECUTIVE'),
(8, 'DELIVERY_EXECUTIVE'),
(9, 'DELIVERY_EXECUTIVE'),
(10, 'DELIVERY_EXECUTIVE'),
(11, 'DELIVERY_EXECUTIVE'),
(12, 'DELIVERY_EXECUTIVE'),
(13, 'DELIVERY_EXECUTIVE'),
(14, 'DELIVERY_EXECUTIVE'),
(15, 'DELIVERY_EXECUTIVE'),
(16, 'DELIVERY_EXECUTIVE'),
(17, 'DELIVERY_EXECUTIVE'),
(18, 'DELIVERY_EXECUTIVE'),
(19, 'DELIVERY_EXECUTIVE'),
(20, 'DELIVERY_EXECUTIVE'),
(21, 'DELIVERY_EXECUTIVE'),
(22, 'DELIVERY_EXECUTIVE'),
(23, 'DELIVERY_EXECUTIVE'),
(24, 'DELIVERY_EXECUTIVE'),
(25, 'DELIVERY_EXECUTIVE'),
(26, 'DELIVERY_EXECUTIVE'),
(27, 'DELIVERY_EXECUTIVE'),
(28, 'DELIVERY_EXECUTIVE'),
(29, 'DELIVERY_EXECUTIVE'),
(30, 'DELIVERY_EXECUTIVE');


INSERT INTO user_roles
(user_id, roles)
VALUES
(31, 'RESTAURANT'),
(32, 'RESTAURANT'),
(33, 'RESTAURANT'),
(34, 'RESTAURANT'),
(35, 'RESTAURANT'),
(36, 'RESTAURANT'),
(37, 'RESTAURANT'),
(38, 'RESTAURANT'),
(39, 'RESTAURANT'),
(40, 'RESTAURANT'),
(41, 'RESTAURANT'),
(42, 'RESTAURANT'),
(43, 'RESTAURANT'),
(44, 'RESTAURANT'),
(45, 'RESTAURANT'),
(46, 'RESTAURANT'),
(47, 'RESTAURANT'),
(48, 'RESTAURANT'),
(49, 'RESTAURANT'),
(50, 'RESTAURANT'),
(51, 'RESTAURANT'),
(52, 'RESTAURANT'),
(53, 'RESTAURANT'),
(54, 'RESTAURANT');


INSERT INTO addresses
(address1, address2, city, created_at, landmark, "location", pin_code, state, updated_at, user_id)
VALUES
('102, Silver Oak', 'Sector 47', 'Gurgaon', '2024-09-05 10:35:15.678', 'Good Earth City Centre', 'SRID=4326;POINT (77.0485 28.4501)'::public.geometry, 122018, 'Haryana', '2024-09-05 10:35:15.678', 2),
('203, Green Meadows', 'Sector 52', 'Gurgaon', '2024-09-05 10:40:15.678', 'Huda City Centre', 'SRID=4326;POINT (77.0585 28.4601)'::public.geometry, 122018, 'Haryana', '2024-09-05 10:40:15.678', 3),
('304, Blue Ridge', 'Sector 43', 'Gurgaon', '2024-09-05 10:45:15.678', 'Unitech Cyber Park', 'SRID=4326;POINT (77.0685 28.4701)'::public.geometry, 122018, 'Haryana', '2024-09-05 10:45:15.678', 4),
('405, Redwood', 'Sector 40', 'Gurgaon', '2024-09-05 10:50:15.678', 'MG Road', 'SRID=4326;POINT (77.0785 28.4801)'::public.geometry, 122018, 'Haryana', '2024-09-05 10:50:15.678', 5),
('506, Oakwood', 'Sector 59', 'Gurgaon', '2024-09-05 10:55:15.678', 'Golf Course Road', 'SRID=4326;POINT (77.0885 28.4901)'::public.geometry, 122018, 'Haryana', '2024-09-05 10:55:15.678', 6),
('607, Maple Heights', 'Sector 44', 'Gurgaon', '2024-09-05 11:00:15.678', 'Sahara Mall', 'SRID=4326;POINT (77.0985 28.5001)'::public.geometry, 122018, 'Haryana', '2024-09-05 11:00:15.678', 7),
('708, Cedar Grove', 'Sector 45', 'Gurgaon', '2024-09-05 11:05:15.678', 'DLF Phase 1', 'SRID=4326;POINT (77.1085 28.5101)'::public.geometry, 122018, 'Haryana', '2024-09-05 11:05:15.678', 8),
('809, Elm Street', 'Sector 46', 'Gurgaon', '2024-09-05 11:10:15.678', 'DLF Phase 2', 'SRID=4326;POINT (77.1185 28.5201)'::public.geometry, 122018, 'Haryana', '2024-09-05 11:10:15.678', 9),
('910, Pine Valley', 'Sector 49', 'Gurgaon', '2024-09-05 11:15:15.678', 'Ambience Mall', 'SRID=4326;POINT (77.1285 28.5301)'::public.geometry, 122018, 'Haryana', '2024-09-05 11:15:15.678', 10),
('1011, Birchwood', 'Sector 50', 'Gurgaon', '2024-09-05 11:20:15.678', 'Raheja Mall', 'SRID=4326;POINT (77.1385 28.5401)'::public.geometry, 122018, 'Haryana', '2024-09-05 11:20:15.678', 11),
('1112, Palm Estate', 'Sector 51', 'Gurgaon', '2024-09-05 11:25:15.678', 'Galleria Market', 'SRID=4326;POINT (77.1485 28.5501)'::public.geometry, 122018, 'Haryana', '2024-09-05 11:25:15.678', 12),
('1213, Willow Park', 'Sector 62', 'Gurgaon', '2024-09-05 11:30:15.678', 'Cyber Hub', 'SRID=4326;POINT (77.1585 28.5601)'::public.geometry, 122018, 'Haryana', '2024-09-05 11:30:15.678', 13),
('1314, Birchwood Heights', 'Sector 63', 'Gurgaon', '2024-09-05 11:35:15.678', 'DLF Phase 3', 'SRID=4326;POINT (77.1685 28.5701)'::public.geometry, 122018, 'Haryana', '2024-09-05 11:35:15.678', 14),
('1415, Cedar Creek', 'Sector 64', 'Gurgaon', '2024-09-05 11:40:15.678', 'Iffco Chowk', 'SRID=4326;POINT (77.1785 28.5801)'::public.geometry, 122018, 'Haryana', '2024-09-05 11:40:15.678', 15),
('1516, Oak Ridge', 'Sector 65', 'Gurgaon', '2024-09-05 11:45:15.678', 'Huda City Centre', 'SRID=4326;POINT (77.1885 28.5901)'::public.geometry, 122018, 'Haryana', '2024-09-05 11:45:15.678', 16),
('1617, Elmwood', 'Sector 66', 'Gurgaon', '2024-09-05 11:50:15.678', 'M3M Mall', 'SRID=4326;POINT (77.1985 28.6001)'::public.geometry, 122018, 'Haryana', '2024-09-05 11:50:15.678', 17),
('1718, Maple Ridge', 'Sector 67', 'Gurgaon', '2024-09-05 11:55:15.678', 'Central Park', 'SRID=4326;POINT (77.2085 28.6101)'::public.geometry, 122018, 'Haryana', '2024-09-05 11:55:15.678', 18),
('1819, Pine Heights', 'Sector 68', 'Gurgaon', '2024-09-05 12:00:15.678', 'Westend Mall', 'SRID=4326;POINT (77.2185 28.6201)'::public.geometry, 122018, 'Haryana', '2024-09-05 12:00:15.678', 19),
('1920, Willow Heights', 'Sector 69', 'Gurgaon', '2024-09-05 12:05:15.678', 'Gurgaon One', 'SRID=4326;POINT (77.2285 28.6301)'::public.geometry, 122018, 'Haryana', '2024-09-05 12:05:15.678', 20),
('2021, Redwood Park', 'Sector 70', 'Gurgaon', '2024-09-05 12:10:15.678', 'DLF Cybercity', 'SRID=4326;POINT (77.2385 28.6401)'::public.geometry, 122018, 'Haryana', '2024-09-05 12:10:15.678', 21),
('2122, Oak Valley', 'Sector 71', 'Gurgaon', '2024-09-05 12:15:15.678', 'Udyog Vihar', 'SRID=4326;POINT (77.2485 28.6501)'::public.geometry, 122018, 'Haryana', '2024-09-05 12:15:15.678', 22),
('2223, Maple Gardens', 'Sector 72', 'Gurgaon', '2024-09-05 12:20:15.678', 'Palam Vihar', 'SRID=4326;POINT (77.2585 28.6601)'::public.geometry, 122018, 'Haryana', '2024-09-05 12:20:15.678', 23),
('2324, Birch Heights', 'Sector 73', 'Gurgaon', '2024-09-05 12:25:15.678', 'DLF Phase 5', 'SRID=4326;POINT (77.2685 28.6701)'::public.geometry, 122018, 'Haryana', '2024-09-05 12:25:15.678', 24),
('2425, Cedar Estate', 'Sector 74', 'Gurgaon', '2024-09-05 12:30:15.678', 'M3M Cosmopolitan', 'SRID=4326;POINT (77.2785 28.6801)'::public.geometry, 122018, 'Haryana', '2024-09-05 12:30:15.678', 25),
('2526, Oak Meadows', 'Sector 75', 'Gurgaon', '2024-09-05 12:35:15.678', 'DLF Mega Mall', 'SRID=4326;POINT (77.2885 28.6901)'::public.geometry, 122018, 'Haryana', '2024-09-05 12:35:15.678', 26),
('2627, Willow Heights', 'Sector 76', 'Gurgaon', '2024-09-05 12:40:15.678', 'South City', 'SRID=4326;POINT (77.2985 28.7001)'::public.geometry, 122018, 'Haryana', '2024-09-05 12:40:15.678', 27),
('2728, Maple Park', 'Sector 77', 'Gurgaon', '2024-09-05 12:45:15.678', 'Garden Estate', 'SRID=4326;POINT (77.3085 28.7101)'::public.geometry, 122018, 'Haryana', '2024-09-05 12:45:15.678', 28),
('2829, Birch Gardens', 'Sector 78', 'Gurgaon', '2024-09-05 12:50:15.678', 'Dwarka Expressway', 'SRID=4326;POINT (77.3185 28.7201)'::public.geometry, 122018, 'Haryana', '2024-09-05 12:50:15.678', 29),
('2930, Cedar Heights', 'Sector 79', 'Gurgaon', '2024-09-05 12:55:15.678', 'Indira Gandhi International Airport', 'SRID=4326;POINT (77.3285 28.7301)'::public.geometry, 122018, 'Haryana', '2024-09-05 12:55:15.678', 30),
('3031, Oak Park', 'Sector 80', 'Gurgaon', '2024-09-05 13:00:15.678', 'Sector 14', 'SRID=4326;POINT (77.3385 28.7401)'::public.geometry, 122018, 'Haryana', '2024-09-05 13:00:15.678', 31),
('3132, Willow Estates', 'Sector 81', 'Gurgaon', '2024-09-05 13:05:15.678', 'Sector 15', 'SRID=4326;POINT (77.3485 28.7501)'::public.geometry, 122018, 'Haryana', '2024-09-05 13:05:15.678', 32),
('3233, Maple Woods', 'Sector 82', 'Gurgaon', '2024-09-05 13:10:15.678', 'Sector 16', 'SRID=4326;POINT (77.3585 28.7601)'::public.geometry, 122018, 'Haryana', '2024-09-05 13:10:15.678', 33),
('3334, Birchfield', 'Sector 83', 'Gurgaon', '2024-09-05 13:15:15.678', 'Sector 17', 'SRID=4326;POINT (77.3685 28.7701)'::public.geometry, 122018, 'Haryana', '2024-09-05 13:15:15.678', 34),
('3435, Cedar Woods', 'Sector 84', 'Gurgaon', '2024-09-05 13:20:15.678', 'Sector 18', 'SRID=4326;POINT (77.3785 28.7801)'::public.geometry, 122018, 'Haryana', '2024-09-05 13:20:15.678', 35),
('3536, Oak Grove', 'Sector 85', 'Gurgaon', '2024-09-05 13:25:15.678', 'Sector 19', 'SRID=4326;POINT (77.3885 28.7901)'::public.geometry, 122018, 'Haryana', '2024-09-05 13:25:15.678', 36),
('3637, Willow Park Heights', 'Sector 86', 'Gurgaon', '2024-09-05 13:30:15.678', 'Sector 20', 'SRID=4326;POINT (77.3985 28.8001)'::public.geometry, 122018, 'Haryana', '2024-09-05 13:30:15.678', 37),
('3738, Maple Ridge Heights', 'Sector 87', 'Gurgaon', '2024-09-05 13:35:15.678', 'Sector 21', 'SRID=4326;POINT (77.4085 28.8101)'::public.geometry, 122018, 'Haryana', '2024-09-05 13:35:15.678', 38),
('3839, Birchwood Estate', 'Sector 88', 'Gurgaon', '2024-09-05 13:40:15.678', 'Sector 22', 'SRID=4326;POINT (77.4185 28.8201)'::public.geometry, 122018, 'Haryana', '2024-09-05 13:40:15.678', 39),
('3940, Cedar Ridge', 'Sector 89', 'Gurgaon', '2024-09-05 13:45:15.678', 'Sector 23', 'SRID=4326;POINT (77.4285 28.8301)'::public.geometry, 122018, 'Haryana', '2024-09-05 13:45:15.678', 40),
('4041, Oak Park Heights', 'Sector 90', 'Gurgaon', '2024-09-05 13:50:15.678', 'Sector 24', 'SRID=4326;POINT (77.4385 28.8401)'::public.geometry, 122018, 'Haryana', '2024-09-05 13:50:15.678', 41),
('4142, Willow Valley', 'Sector 91', 'Gurgaon', '2024-09-05 13:55:15.678', 'Sector 25', 'SRID=4326;POINT (77.4485 28.8501)'::public.geometry, 122018, 'Haryana', '2024-09-05 13:55:15.678', 42),
('4243, Maple Heights Estate', 'Sector 92', 'Gurgaon', '2024-09-05 14:00:15.678', 'Sector 26', 'SRID=4326;POINT (77.4585 28.8601)'::public.geometry, 122018, 'Haryana', '2024-09-05 14:00:15.678', 43),
('4344, Birchwood Park', 'Sector 93', 'Gurgaon', '2024-09-05 14:05:15.678', 'Sector 27', 'SRID=4326;POINT (77.4685 28.8701)'::public.geometry, 122018, 'Haryana', '2024-09-05 14:05:15.678', 44),
('4445, Cedar Gardens', 'Sector 94', 'Gurgaon', '2024-09-05 14:10:15.678', 'Sector 28', 'SRID=4326;POINT (77.4785 28.8801)'::public.geometry, 122018, 'Haryana', '2024-09-05 14:10:15.678', 45),
('4546, Oak Heights', 'Sector 95', 'Gurgaon', '2024-09-05 14:15:15.678', 'Sector 29', 'SRID=4326;POINT (77.4885 28.8901)'::public.geometry, 122018, 'Haryana', '2024-09-05 14:15:15.678', 46),
('4647, Willow Grove', 'Sector 96', 'Gurgaon', '2024-09-05 14:20:15.678', 'Sector 30', 'SRID=4326;POINT (77.4985 28.9001)'::public.geometry, 122018, 'Haryana', '2024-09-05 14:20:15.678', 47),
('4748, Maple Valley', 'Sector 97', 'Gurgaon', '2024-09-05 14:25:15.678', 'Sector 31', 'SRID=4326;POINT (77.5085 28.9101)'::public.geometry, 122018, 'Haryana', '2024-09-05 14:25:15.678', 48),
('4849, Birch Estates', 'Sector 98', 'Gurgaon', '2024-09-05 14:30:15.678', 'Sector 32', 'SRID=4326;POINT (77.5185 28.9201)'::public.geometry, 122018, 'Haryana', '2024-09-05 14:30:15.678', 49),
('4950, Cedar Park', 'Sector 99', 'Gurgaon', '2024-09-05 14:35:15.678', 'Sector 33', 'SRID=4326;POINT (77.5285 28.9301)'::public.geometry, 122018, 'Haryana', '2024-09-05 14:35:15.678', 50),
('5051, Oak Ridge Heights', 'Sector 100', 'Gurgaon', '2024-09-05 14:40:15.678', 'Sector 34', 'SRID=4326;POINT (77.5385 28.9401)'::public.geometry, 122018, 'Haryana', '2024-09-05 14:40:15.678', 51),
('5152, Willow Grove Heights', 'Sector 101', 'Gurgaon', '2024-09-05 14:45:15.678', 'Sector 35', 'SRID=4326;POINT (77.5485 28.9501)'::public.geometry, 122018, 'Haryana', '2024-09-05 14:45:15.678', 52),
('5253, Maple Valley Heights', 'Sector 102', 'Gurgaon', '2024-09-05 14:50:15.678', 'Sector 36', 'SRID=4326;POINT (77.5585 28.9601)'::public.geometry, 122018, 'Haryana', '2024-09-05 14:50:15.678', 53),
('5354, Birchwood Heights Estate', 'Sector 103', 'Gurgaon', '2024-09-05 14:55:15.678', 'Sector 37', 'SRID=4326;POINT (77.5685 28.9701)'::public.geometry, 122018, 'Haryana', '2024-09-05 14:55:15.678', 54);


INSERT INTO delivery_executives
(rating, user_id, available_status, verification_status, current_location)
VALUES
(4.5, 2, 'AVAILABLE', 'VERIFIED', 'SRID=4326;POINT (77.2585 28.6601)'::public.geometry),
(4.2, 3, 'AVAILABLE', 'VERIFIED', 'SRID=4326;POINT (77.2685 28.6701)'::public.geometry),
(4.7, 4, 'AVAILABLE', 'VERIFIED', 'SRID=4326;POINT (77.2785 28.6801)'::public.geometry),
(3.9, 5, 'AVAILABLE', 'VERIFIED', 'SRID=4326;POINT (77.2885 28.6901)'::public.geometry),
(4.1, 6, 'AVAILABLE', 'VERIFIED', 'SRID=4326;POINT (77.2985 28.7001)'::public.geometry),
(4.8, 7, 'AVAILABLE', 'VERIFIED', 'SRID=4326;POINT (77.3085 28.7101)'::public.geometry),
(3.7, 8, 'AVAILABLE', 'VERIFIED', 'SRID=4326;POINT (77.3185 28.7201)'::public.geometry),
(4.3, 9, 'AVAILABLE', 'VERIFIED', 'SRID=4326;POINT (77.3285 28.7301)'::public.geometry),
(4.6, 10, 'AVAILABLE', 'VERIFIED', 'SRID=4326;POINT (77.3385 28.7401)'::public.geometry),
(4.0, 11, 'AVAILABLE', 'VERIFIED', 'SRID=4326;POINT (77.3485 28.7501)'::public.geometry),
(4.4, 12, 'AVAILABLE', 'VERIFIED', 'SRID=4326;POINT (77.3585 28.7601)'::public.geometry),
(3.8, 13, 'AVAILABLE', 'VERIFIED', 'SRID=4326;POINT (77.3685 28.7701)'::public.geometry),
(4.2, 14, 'AVAILABLE', 'VERIFIED', 'SRID=4326;POINT (77.3785 28.7801)'::public.geometry),
(4.5, 15, 'AVAILABLE', 'VERIFIED', 'SRID=4326;POINT (77.3885 28.7901)'::public.geometry),
(4.1, 16, 'AVAILABLE', 'VERIFIED', 'SRID=4326;POINT (77.3985 28.8001)'::public.geometry),
(4.9, 17, 'AVAILABLE', 'VERIFIED', 'SRID=4326;POINT (77.4085 28.8101)'::public.geometry),
(3.6, 18, 'AVAILABLE', 'VERIFIED', 'SRID=4326;POINT (77.4185 28.8201)'::public.geometry),
(4.3, 19, 'AVAILABLE', 'VERIFIED', 'SRID=4326;POINT (77.4285 28.8301)'::public.geometry),
(4.7, 20, 'AVAILABLE', 'VERIFIED', 'SRID=4326;POINT (77.4385 28.8401)'::public.geometry),
(4.0, 21, 'AVAILABLE', 'VERIFIED', 'SRID=4326;POINT (77.4485 28.8501)'::public.geometry),
(4.6, 22, 'AVAILABLE', 'VERIFIED', 'SRID=4326;POINT (77.4585 28.8601)'::public.geometry),
(3.8, 23, 'AVAILABLE', 'VERIFIED', 'SRID=4326;POINT (77.4685 28.8701)'::public.geometry),
(4.4, 24, 'AVAILABLE', 'VERIFIED', 'SRID=4326;POINT (77.4785 28.8801)'::public.geometry),
(4.2, 25, 'AVAILABLE', 'VERIFIED', 'SRID=4326;POINT (77.4885 28.8901)'::public.geometry),
(4.5, 26, 'AVAILABLE', 'VERIFIED', 'SRID=4326;POINT (77.4985 28.9001)'::public.geometry),
(3.9, 27, 'AVAILABLE', 'VERIFIED', 'SRID=4326;POINT (77.5085 28.9101)'::public.geometry),
(4.1, 28, 'AVAILABLE', 'VERIFIED', 'SRID=4326;POINT (77.5185 28.9201)'::public.geometry),
(4.8, 29, 'AVAILABLE', 'VERIFIED', 'SRID=4326;POINT (77.5285 28.9301)'::public.geometry),
(4.3, 30, 'AVAILABLE', 'VERIFIED', 'SRID=4326;POINT (77.5385 28.9401)'::public.geometry);

INSERT INTO customers
(rating, user_id)
VALUES(4.8, 1);

INSERT INTO menu_items
(price, title, description, rating, status, restaurant_id)
VALUES
(150, 'Vegetable Biryani', 'Aromatic biryani with mixed vegetables and spices', 4.5, 'AVAILABLE', 1),
(320, 'Chicken Tikka Masala', 'Tender chicken pieces cooked in a creamy tomato sauce', 4.7, 'AVAILABLE', 1),
(500, 'Mutton Rogan Josh', 'Slow-cooked mutton in a rich and spicy gravy', 4.6, 'AVAILABLE', 1),
(180, 'Butter Chicken', 'Delicious chicken in a buttery tomato gravy', 4.4, 'AVAILABLE', 1),
(450, 'Prawn Masala', 'Spicy prawns cooked with onions and tomatoes', 4.8, 'AVAILABLE', 1),
(250, 'Dal Makhani', 'Creamy and rich lentils cooked with butter and spices', 4.3, 'AVAILABLE', 1),
(600, 'Lamb Shank Curry', 'Succulent lamb shanks slow-cooked in aromatic spices', 4.5, 'AVAILABLE', 1),
(350, 'Palak Paneer', 'Cottage cheese cooked with spinach and spices', 4.2, 'AVAILABLE', 1),
(700, 'Goat Curry', 'Spicy goat meat curry with a blend of traditional spices', 4.7, 'AVAILABLE', 1),
(280, 'Chole Bhature', 'Spicy chickpea curry served with deep-fried bread', 4.6, 'AVAILABLE', 1),
(200, 'Aloo Gobi', 'Potato and cauliflower curry with aromatic spices', 4.4, 'AVAILABLE', 1),
(400, 'Tandoori Chicken', 'Marinated chicken cooked in a tandoor with spices', 4.7, 'AVAILABLE', 1),
(300, 'Kadai Paneer', 'Cottage cheese cooked in a spicy tomato gravy', 4.5, 'AVAILABLE', 1),
(250, 'Rogan Josh', 'Rich and spicy Kashmiri lamb curry', 4.6, 'AVAILABLE', 1),
(380, 'Fish Curry', 'Spicy fish curry with a tangy flavor', 4.3, 'AVAILABLE', 1),
(550, 'Mutton Korma', 'Rich and creamy mutton curry with nuts and spices', 4.8, 'AVAILABLE', 1),
(270, 'Rajma', 'Kidney beans cooked in a spiced tomato gravy', 4.4, 'AVAILABLE', 1),
(450, 'Paneer Tikka', 'Grilled cottage cheese marinated in spices', 4.5, 'AVAILABLE', 1),
(350, 'Chicken Biryani', 'Fragrant biryani with spiced chicken and herbs', 4.6, 'AVAILABLE', 1),
(500, 'Lamb Kofta', 'Spiced lamb meatballs in a rich tomato sauce', 4.7, 'AVAILABLE', 1);

INSERT INTO menu_items
(price, title, description, rating, status, restaurant_id)
VALUES
(180, 'Paneer Tikka', 'Grilled cottage cheese marinated in spices', 4.6, 'AVAILABLE', 2),
(220, 'Aloo Gobi', 'Potato and cauliflower curry with aromatic spices', 4.4, 'AVAILABLE', 2),
(250, 'Dal Makhani', 'Creamy and rich lentils cooked with butter and spices', 4.5, 'AVAILABLE', 2),
(270, 'Palak Paneer', 'Cottage cheese cooked with spinach and spices', 4.7, 'AVAILABLE', 2),
(300, 'Chole Bhature', 'Spicy chickpea curry served with deep-fried bread', 4.6, 'AVAILABLE', 2),
(320, 'Kadai Paneer', 'Cottage cheese cooked in a spicy tomato gravy', 4.5, 'AVAILABLE', 2),
(350, 'Shahi Paneer', 'Cottage cheese in a rich, creamy sauce with nuts', 4.8, 'AVAILABLE', 2),
(400, 'Baingan Bharta', 'Smoky roasted eggplant cooked with spices', 4.3, 'AVAILABLE', 2),
(220, 'Rajma', 'Kidney beans cooked in a spiced tomato gravy', 4.4, 'AVAILABLE', 2),
(250, 'Vegetable Korma', 'Mixed vegetables cooked in a creamy, mildly spiced sauce', 4.6, 'AVAILABLE', 2),
(270, 'Bhindi Masala', 'Stir-fried okra with onions and spices', 4.5, 'AVAILABLE', 2),
(300, 'Dal Tadka', 'Yellow lentils tempered with spices and herbs', 4.7, 'AVAILABLE', 2),
(330, 'Veg Pulao', 'Fragrant rice cooked with mixed vegetables and spices', 4.6, 'AVAILABLE', 2),
(350, 'Methi Malai Paneer', 'Cottage cheese cooked with fenugreek leaves and cream', 4.8, 'AVAILABLE', 2),
(370, 'Vegetable Hakka Noodles', 'Stir-fried noodles with mixed vegetables and soy sauce', 4.4, 'AVAILABLE', 2);


INSERT INTO menu_items
(price, title, description, rating, status, restaurant_id)
VALUES
(350, 'Chicken Tikka Masala', 'Grilled chicken pieces in a rich, spicy tomato gravy', 4.7, 'AVAILABLE', 3),
(380, 'Butter Chicken', 'Tender chicken cooked in a creamy, buttery tomato sauce', 4.8, 'AVAILABLE', 3),
(400, 'Mutton Rogan Josh', 'Spicy and aromatic slow-cooked mutton curry', 4.6, 'AVAILABLE', 3),
(420, 'Fish Curry', 'Fresh fish cooked in a tangy and spicy curry sauce', 4.5, 'AVAILABLE', 3),
(430, 'Tandoori Chicken', 'Chicken marinated in yogurt and spices, grilled in a tandoor', 4.7, 'AVAILABLE', 3),
(450, 'Chicken Biryani', 'Fragrant rice cooked with spiced chicken and herbs', 4.8, 'AVAILABLE', 3),
(470, 'Lamb Korma', 'Lamb pieces cooked in a rich and creamy sauce with spices', 4.6, 'AVAILABLE', 3),
(490, 'Prawn Masala', 'Succulent prawns cooked in a spicy and flavorful gravy', 4.7, 'AVAILABLE', 3),
(510, 'Beef Stroganoff', 'Tender beef strips in a creamy mushroom sauce', 4.5, 'AVAILABLE', 3),
(530, 'Chicken Shawarma', 'Marinated chicken wrapped in pita bread with vegetables and sauce', 4.6, 'AVAILABLE', 3);





